StreamCatVar,SCmetrics,Year,Label,DataSource
coalminedens,coalminedens,NA,Coal mine density (mines/sq km),USGS NCRDS
n_ags_,n_ags_1987,1987,N agricultural surplus (kg),US EPA National Nutrient Inventory
n_ags_,n_ags_1988,1988,N agricultural surplus (kg),US EPA National Nutrient Inventory
n_ags_,n_ags_1989,1989,N agricultural surplus (kg),US EPA National Nutrient Inventory
n_ags_,n_ags_1990,1990,N agricultural surplus (kg),US EPA National Nutrient Inventory
n_ags_,n_ags_1991,1991,N agricultural surplus (kg),US EPA National Nutrient Inventory
n_ags_,n_ags_1992,1992,N agricultural surplus (kg),US EPA National Nutrient Inventory
n_ags_,n_ags_1993,1993,N agricultural surplus (kg),US EPA National Nutrient Inventory
n_ags_,n_ags_1994,1994,N agricultural surplus (kg),US EPA National Nutrient Inventory
n_ags_,n_ags_1995,1995,N agricultural surplus (kg),US EPA National Nutrient Inventory
n_ags_,n_ags_1996,1996,N agricultural surplus (kg),US EPA National Nutrient Inventory
n_ags_,n_ags_1997,1997,N agricultural surplus (kg),US EPA National Nutrient Inventory
n_ags_,n_ags_1998,1998,N agricultural surplus (kg),US EPA National Nutrient Inventory
n_ags_,n_ags_1999,1999,N agricultural surplus (kg),US EPA National Nutrient Inventory
n_ags_,n_ags_2000,2000,N agricultural surplus (kg),US EPA National Nutrient Inventory
n_ags_,n_ags_2001,2001,N agricultural surplus (kg),US EPA National Nutrient Inventory
n_ags_,n_ags_2002,2002,N agricultural surplus (kg),US EPA National Nutrient Inventory
n_ags_,n_ags_2003,2003,N agricultural surplus (kg),US EPA National Nutrient Inventory
n_ags_,n_ags_2004,2004,N agricultural surplus (kg),US EPA National Nutrient Inventory
n_ags_,n_ags_2005,2005,N agricultural surplus (kg),US EPA National Nutrient Inventory
n_ags_,n_ags_2006,2006,N agricultural surplus (kg),US EPA National Nutrient Inventory
n_ags_,n_ags_2007,2007,N agricultural surplus (kg),US EPA National Nutrient Inventory
n_ags_,n_ags_2008,2008,N agricultural surplus (kg),US EPA National Nutrient Inventory
n_ags_,n_ags_2009,2009,N agricultural surplus (kg),US EPA National Nutrient Inventory
n_ags_,n_ags_2010,2010,N agricultural surplus (kg),US EPA National Nutrient Inventory
n_ags_,n_ags_2011,2011,N agricultural surplus (kg),US EPA National Nutrient Inventory
n_ags_,n_ags_2012,2012,N agricultural surplus (kg),US EPA National Nutrient Inventory
n_ags_,n_ags_2013,2013,N agricultural surplus (kg),US EPA National Nutrient Inventory
n_ags_,n_ags_2014,2014,N agricultural surplus (kg),US EPA National Nutrient Inventory
n_ags_,n_ags_2015,2015,N agricultural surplus (kg),US EPA National Nutrient Inventory
n_ags_,n_ags_2016,2016,N agricultural surplus (kg),US EPA National Nutrient Inventory
n_ags_,n_ags_2017,2017,N agricultural surplus (kg),US EPA National Nutrient Inventory
n_cr_,n_cr_1987,1987,N removed from agricultural fields via crop output harvest (kg),US EPA National Nutrient Inventory
n_cr_,n_cr_1988,1988,N removed from agricultural fields via crop output harvest (kg),US EPA National Nutrient Inventory
n_cr_,n_cr_1989,1989,N removed from agricultural fields via crop output harvest (kg),US EPA National Nutrient Inventory
n_cr_,n_cr_1990,1990,N removed from agricultural fields via crop output harvest (kg),US EPA National Nutrient Inventory
n_cr_,n_cr_1991,1991,N removed from agricultural fields via crop output harvest (kg),US EPA National Nutrient Inventory
n_cr_,n_cr_1992,1992,N removed from agricultural fields via crop output harvest (kg),US EPA National Nutrient Inventory
n_cr_,n_cr_1993,1993,N removed from agricultural fields via crop output harvest (kg),US EPA National Nutrient Inventory
n_cr_,n_cr_1994,1994,N removed from agricultural fields via crop output harvest (kg),US EPA National Nutrient Inventory
n_cr_,n_cr_1995,1995,N removed from agricultural fields via crop output harvest (kg),US EPA National Nutrient Inventory
n_cr_,n_cr_1996,1996,N removed from agricultural fields via crop output harvest (kg),US EPA National Nutrient Inventory
n_cr_,n_cr_1997,1997,N removed from agricultural fields via crop output harvest (kg),US EPA National Nutrient Inventory
n_cr_,n_cr_1998,1998,N removed from agricultural fields via crop output harvest (kg),US EPA National Nutrient Inventory
n_cr_,n_cr_1999,1999,N removed from agricultural fields via crop output harvest (kg),US EPA National Nutrient Inventory
n_cr_,n_cr_2000,2000,N removed from agricultural fields via crop output harvest (kg),US EPA National Nutrient Inventory
n_cr_,n_cr_2001,2001,N removed from agricultural fields via crop output harvest (kg),US EPA National Nutrient Inventory
n_cr_,n_cr_2002,2002,N removed from agricultural fields via crop output harvest (kg),US EPA National Nutrient Inventory
n_cr_,n_cr_2003,2003,N removed from agricultural fields via crop output harvest (kg),US EPA National Nutrient Inventory
n_cr_,n_cr_2004,2004,N removed from agricultural fields via crop output harvest (kg),US EPA National Nutrient Inventory
n_cr_,n_cr_2005,2005,N removed from agricultural fields via crop output harvest (kg),US EPA National Nutrient Inventory
n_cr_,n_cr_2006,2006,N removed from agricultural fields via crop output harvest (kg),US EPA National Nutrient Inventory
n_cr_,n_cr_2007,2007,N removed from agricultural fields via crop output harvest (kg),US EPA National Nutrient Inventory
n_cr_,n_cr_2008,2008,N removed from agricultural fields via crop output harvest (kg),US EPA National Nutrient Inventory
n_cr_,n_cr_2009,2009,N removed from agricultural fields via crop output harvest (kg),US EPA National Nutrient Inventory
n_cr_,n_cr_2010,2010,N removed from agricultural fields via crop output harvest (kg),US EPA National Nutrient Inventory
n_cr_,n_cr_2011,2011,N removed from agricultural fields via crop output harvest (kg),US EPA National Nutrient Inventory
n_cr_,n_cr_2012,2012,N removed from agricultural fields via crop output harvest (kg),US EPA National Nutrient Inventory
n_cr_,n_cr_2013,2013,N removed from agricultural fields via crop output harvest (kg),US EPA National Nutrient Inventory
n_cr_,n_cr_2014,2014,N removed from agricultural fields via crop output harvest (kg),US EPA National Nutrient Inventory
n_cr_,n_cr_2015,2015,N removed from agricultural fields via crop output harvest (kg),US EPA National Nutrient Inventory
n_cr_,n_cr_2016,2016,N removed from agricultural fields via crop output harvest (kg),US EPA National Nutrient Inventory
n_cr_,n_cr_2017,2017,N removed from agricultural fields via crop output harvest (kg),US EPA National Nutrient Inventory
n_ff_,n_ff_1987,1987,N applied to agricultural fields to fertilize crops (kg),US EPA National Nutrient Inventory
n_ff_,n_ff_1988,1988,N applied to agricultural fields to fertilize crops (kg),US EPA National Nutrient Inventory
n_ff_,n_ff_1989,1989,N applied to agricultural fields to fertilize crops (kg),US EPA National Nutrient Inventory
n_ff_,n_ff_1990,1990,N applied to agricultural fields to fertilize crops (kg),US EPA National Nutrient Inventory
n_ff_,n_ff_1991,1991,N applied to agricultural fields to fertilize crops (kg),US EPA National Nutrient Inventory
n_ff_,n_ff_1992,1992,N applied to agricultural fields to fertilize crops (kg),US EPA National Nutrient Inventory
n_ff_,n_ff_1993,1993,N applied to agricultural fields to fertilize crops (kg),US EPA National Nutrient Inventory
n_ff_,n_ff_1994,1994,N applied to agricultural fields to fertilize crops (kg),US EPA National Nutrient Inventory
n_ff_,n_ff_1995,1995,N applied to agricultural fields to fertilize crops (kg),US EPA National Nutrient Inventory
n_ff_,n_ff_1996,1996,N applied to agricultural fields to fertilize crops (kg),US EPA National Nutrient Inventory
n_ff_,n_ff_1997,1997,N applied to agricultural fields to fertilize crops (kg),US EPA National Nutrient Inventory
n_ff_,n_ff_1998,1998,N applied to agricultural fields to fertilize crops (kg),US EPA National Nutrient Inventory
n_ff_,n_ff_1999,1999,N applied to agricultural fields to fertilize crops (kg),US EPA National Nutrient Inventory
n_ff_,n_ff_2000,2000,N applied to agricultural fields to fertilize crops (kg),US EPA National Nutrient Inventory
n_ff_,n_ff_2001,2001,N applied to agricultural fields to fertilize crops (kg),US EPA National Nutrient Inventory
n_ff_,n_ff_2002,2002,N applied to agricultural fields to fertilize crops (kg),US EPA National Nutrient Inventory
n_ff_,n_ff_2003,2003,N applied to agricultural fields to fertilize crops (kg),US EPA National Nutrient Inventory
n_ff_,n_ff_2004,2004,N applied to agricultural fields to fertilize crops (kg),US EPA National Nutrient Inventory
n_ff_,n_ff_2005,2005,N applied to agricultural fields to fertilize crops (kg),US EPA National Nutrient Inventory
n_ff_,n_ff_2006,2006,N applied to agricultural fields to fertilize crops (kg),US EPA National Nutrient Inventory
n_ff_,n_ff_2007,2007,N applied to agricultural fields to fertilize crops (kg),US EPA National Nutrient Inventory
n_ff_,n_ff_2008,2008,N applied to agricultural fields to fertilize crops (kg),US EPA National Nutrient Inventory
n_ff_,n_ff_2009,2009,N applied to agricultural fields to fertilize crops (kg),US EPA National Nutrient Inventory
n_ff_,n_ff_2010,2010,N applied to agricultural fields to fertilize crops (kg),US EPA National Nutrient Inventory
n_ff_,n_ff_2011,2011,N applied to agricultural fields to fertilize crops (kg),US EPA National Nutrient Inventory
n_ff_,n_ff_2012,2012,N applied to agricultural fields to fertilize crops (kg),US EPA National Nutrient Inventory
n_ff_,n_ff_2013,2013,N applied to agricultural fields to fertilize crops (kg),US EPA National Nutrient Inventory
n_ff_,n_ff_2014,2014,N applied to agricultural fields to fertilize crops (kg),US EPA National Nutrient Inventory
n_ff_,n_ff_2015,2015,N applied to agricultural fields to fertilize crops (kg),US EPA National Nutrient Inventory
n_ff_,n_ff_2016,2016,N applied to agricultural fields to fertilize crops (kg),US EPA National Nutrient Inventory
n_ff_,n_ff_2017,2017,N applied to agricultural fields to fertilize crops (kg),US EPA National Nutrient Inventory
n_hw_,n_hw_1987,1987,N excreted from humans via waste or otherwise disposed of (kg),US EPA National Nutrient Inventory
n_hw_,n_hw_1988,1988,N excreted from humans via waste or otherwise disposed of (kg),US EPA National Nutrient Inventory
n_hw_,n_hw_1989,1989,N excreted from humans via waste or otherwise disposed of (kg),US EPA National Nutrient Inventory
n_hw_,n_hw_1990,1990,N excreted from humans via waste or otherwise disposed of (kg),US EPA National Nutrient Inventory
n_hw_,n_hw_1991,1991,N excreted from humans via waste or otherwise disposed of (kg),US EPA National Nutrient Inventory
n_hw_,n_hw_1992,1992,N excreted from humans via waste or otherwise disposed of (kg),US EPA National Nutrient Inventory
n_hw_,n_hw_1993,1993,N excreted from humans via waste or otherwise disposed of (kg),US EPA National Nutrient Inventory
n_hw_,n_hw_1994,1994,N excreted from humans via waste or otherwise disposed of (kg),US EPA National Nutrient Inventory
n_hw_,n_hw_1995,1995,N excreted from humans via waste or otherwise disposed of (kg),US EPA National Nutrient Inventory
n_hw_,n_hw_1996,1996,N excreted from humans via waste or otherwise disposed of (kg),US EPA National Nutrient Inventory
n_hw_,n_hw_1997,1997,N excreted from humans via waste or otherwise disposed of (kg),US EPA National Nutrient Inventory
n_hw_,n_hw_1998,1998,N excreted from humans via waste or otherwise disposed of (kg),US EPA National Nutrient Inventory
n_hw_,n_hw_1999,1999,N excreted from humans via waste or otherwise disposed of (kg),US EPA National Nutrient Inventory
n_hw_,n_hw_2000,2000,N excreted from humans via waste or otherwise disposed of (kg),US EPA National Nutrient Inventory
n_hw_,n_hw_2001,2001,N excreted from humans via waste or otherwise disposed of (kg),US EPA National Nutrient Inventory
n_hw_,n_hw_2002,2002,N excreted from humans via waste or otherwise disposed of (kg),US EPA National Nutrient Inventory
n_hw_,n_hw_2003,2003,N excreted from humans via waste or otherwise disposed of (kg),US EPA National Nutrient Inventory
n_hw_,n_hw_2004,2004,N excreted from humans via waste or otherwise disposed of (kg),US EPA National Nutrient Inventory
n_hw_,n_hw_2005,2005,N excreted from humans via waste or otherwise disposed of (kg),US EPA National Nutrient Inventory
n_hw_,n_hw_2006,2006,N excreted from humans via waste or otherwise disposed of (kg),US EPA National Nutrient Inventory
n_hw_,n_hw_2007,2007,N excreted from humans via waste or otherwise disposed of (kg),US EPA National Nutrient Inventory
n_hw_,n_hw_2008,2008,N excreted from humans via waste or otherwise disposed of (kg),US EPA National Nutrient Inventory
n_hw_,n_hw_2009,2009,N excreted from humans via waste or otherwise disposed of (kg),US EPA National Nutrient Inventory
n_hw_,n_hw_2010,2010,N excreted from humans via waste or otherwise disposed of (kg),US EPA National Nutrient Inventory
n_hw_,n_hw_2011,2011,N excreted from humans via waste or otherwise disposed of (kg),US EPA National Nutrient Inventory
n_hw_,n_hw_2012,2012,N excreted from humans via waste or otherwise disposed of (kg),US EPA National Nutrient Inventory
n_hw_,n_hw_2013,2013,N excreted from humans via waste or otherwise disposed of (kg),US EPA National Nutrient Inventory
n_hw_,n_hw_2014,2014,N excreted from humans via waste or otherwise disposed of (kg),US EPA National Nutrient Inventory
n_hw_,n_hw_2015,2015,N excreted from humans via waste or otherwise disposed of (kg),US EPA National Nutrient Inventory
n_hw_,n_hw_2016,2016,N excreted from humans via waste or otherwise disposed of (kg),US EPA National Nutrient Inventory
n_hw_,n_hw_2017,2017,N excreted from humans via waste or otherwise disposed of (kg),US EPA National Nutrient Inventory
n_lw_,n_lw_1987,1987,N excreted from livestock animals through manure (kg),US EPA National Nutrient Inventory
n_lw_,n_lw_1988,1988,N excreted from livestock animals through manure (kg),US EPA National Nutrient Inventory
n_lw_,n_lw_1989,1989,N excreted from livestock animals through manure (kg),US EPA National Nutrient Inventory
n_lw_,n_lw_1990,1990,N excreted from livestock animals through manure (kg),US EPA National Nutrient Inventory
n_lw_,n_lw_1991,1991,N excreted from livestock animals through manure (kg),US EPA National Nutrient Inventory
n_lw_,n_lw_1992,1992,N excreted from livestock animals through manure (kg),US EPA National Nutrient Inventory
n_lw_,n_lw_1993,1993,N excreted from livestock animals through manure (kg),US EPA National Nutrient Inventory
n_lw_,n_lw_1994,1994,N excreted from livestock animals through manure (kg),US EPA National Nutrient Inventory
n_lw_,n_lw_1995,1995,N excreted from livestock animals through manure (kg),US EPA National Nutrient Inventory
n_lw_,n_lw_1996,1996,N excreted from livestock animals through manure (kg),US EPA National Nutrient Inventory
n_lw_,n_lw_1997,1997,N excreted from livestock animals through manure (kg),US EPA National Nutrient Inventory
n_lw_,n_lw_1998,1998,N excreted from livestock animals through manure (kg),US EPA National Nutrient Inventory
n_lw_,n_lw_1999,1999,N excreted from livestock animals through manure (kg),US EPA National Nutrient Inventory
n_lw_,n_lw_2000,2000,N excreted from livestock animals through manure (kg),US EPA National Nutrient Inventory
n_lw_,n_lw_2001,2001,N excreted from livestock animals through manure (kg),US EPA National Nutrient Inventory
n_lw_,n_lw_2002,2002,N excreted from livestock animals through manure (kg),US EPA National Nutrient Inventory
n_lw_,n_lw_2003,2003,N excreted from livestock animals through manure (kg),US EPA National Nutrient Inventory
n_lw_,n_lw_2004,2004,N excreted from livestock animals through manure (kg),US EPA National Nutrient Inventory
n_lw_,n_lw_2005,2005,N excreted from livestock animals through manure (kg),US EPA National Nutrient Inventory
n_lw_,n_lw_2006,2006,N excreted from livestock animals through manure (kg),US EPA National Nutrient Inventory
n_lw_,n_lw_2007,2007,N excreted from livestock animals through manure (kg),US EPA National Nutrient Inventory
n_lw_,n_lw_2008,2008,N excreted from livestock animals through manure (kg),US EPA National Nutrient Inventory
n_lw_,n_lw_2009,2009,N excreted from livestock animals through manure (kg),US EPA National Nutrient Inventory
n_lw_,n_lw_2010,2010,N excreted from livestock animals through manure (kg),US EPA National Nutrient Inventory
n_lw_,n_lw_2011,2011,N excreted from livestock animals through manure (kg),US EPA National Nutrient Inventory
n_lw_,n_lw_2012,2012,N excreted from livestock animals through manure (kg),US EPA National Nutrient Inventory
n_lw_,n_lw_2013,2013,N excreted from livestock animals through manure (kg),US EPA National Nutrient Inventory
n_lw_,n_lw_2014,2014,N excreted from livestock animals through manure (kg),US EPA National Nutrient Inventory
n_lw_,n_lw_2015,2015,N excreted from livestock animals through manure (kg),US EPA National Nutrient Inventory
n_lw_,n_lw_2016,2016,N excreted from livestock animals through manure (kg),US EPA National Nutrient Inventory
n_lw_,n_lw_2017,2017,N excreted from livestock animals through manure (kg),US EPA National Nutrient Inventory
n_lwr_,n_lwr_1987,1987,N from livestock manure applied to agricultural fields (kg),US EPA National Nutrient Inventory
n_lwr_,n_lwr_1988,1988,N from livestock manure applied to agricultural fields (kg),US EPA National Nutrient Inventory
n_lwr_,n_lwr_1989,1989,N from livestock manure applied to agricultural fields (kg),US EPA National Nutrient Inventory
n_lwr_,n_lwr_1990,1990,N from livestock manure applied to agricultural fields (kg),US EPA National Nutrient Inventory
n_lwr_,n_lwr_1991,1991,N from livestock manure applied to agricultural fields (kg),US EPA National Nutrient Inventory
n_lwr_,n_lwr_1992,1992,N from livestock manure applied to agricultural fields (kg),US EPA National Nutrient Inventory
n_lwr_,n_lwr_1993,1993,N from livestock manure applied to agricultural fields (kg),US EPA National Nutrient Inventory
n_lwr_,n_lwr_1994,1994,N from livestock manure applied to agricultural fields (kg),US EPA National Nutrient Inventory
n_lwr_,n_lwr_1995,1995,N from livestock manure applied to agricultural fields (kg),US EPA National Nutrient Inventory
n_lwr_,n_lwr_1996,1996,N from livestock manure applied to agricultural fields (kg),US EPA National Nutrient Inventory
n_lwr_,n_lwr_1997,1997,N from livestock manure applied to agricultural fields (kg),US EPA National Nutrient Inventory
n_lwr_,n_lwr_1998,1998,N from livestock manure applied to agricultural fields (kg),US EPA National Nutrient Inventory
n_lwr_,n_lwr_1999,1999,N from livestock manure applied to agricultural fields (kg),US EPA National Nutrient Inventory
n_lwr_,n_lwr_2000,2000,N from livestock manure applied to agricultural fields (kg),US EPA National Nutrient Inventory
n_lwr_,n_lwr_2001,2001,N from livestock manure applied to agricultural fields (kg),US EPA National Nutrient Inventory
n_lwr_,n_lwr_2002,2002,N from livestock manure applied to agricultural fields (kg),US EPA National Nutrient Inventory
n_lwr_,n_lwr_2003,2003,N from livestock manure applied to agricultural fields (kg),US EPA National Nutrient Inventory
n_lwr_,n_lwr_2004,2004,N from livestock manure applied to agricultural fields (kg),US EPA National Nutrient Inventory
n_lwr_,n_lwr_2005,2005,N from livestock manure applied to agricultural fields (kg),US EPA National Nutrient Inventory
n_lwr_,n_lwr_2006,2006,N from livestock manure applied to agricultural fields (kg),US EPA National Nutrient Inventory
n_lwr_,n_lwr_2007,2007,N from livestock manure applied to agricultural fields (kg),US EPA National Nutrient Inventory
n_lwr_,n_lwr_2008,2008,N from livestock manure applied to agricultural fields (kg),US EPA National Nutrient Inventory
n_lwr_,n_lwr_2009,2009,N from livestock manure applied to agricultural fields (kg),US EPA National Nutrient Inventory
n_lwr_,n_lwr_2010,2010,N from livestock manure applied to agricultural fields (kg),US EPA National Nutrient Inventory
n_lwr_,n_lwr_2011,2011,N from livestock manure applied to agricultural fields (kg),US EPA National Nutrient Inventory
n_lwr_,n_lwr_2012,2012,N from livestock manure applied to agricultural fields (kg),US EPA National Nutrient Inventory
n_lwr_,n_lwr_2013,2013,N from livestock manure applied to agricultural fields (kg),US EPA National Nutrient Inventory
n_lwr_,n_lwr_2014,2014,N from livestock manure applied to agricultural fields (kg),US EPA National Nutrient Inventory
n_lwr_,n_lwr_2015,2015,N from livestock manure applied to agricultural fields (kg),US EPA National Nutrient Inventory
n_lwr_,n_lwr_2016,2016,N from livestock manure applied to agricultural fields (kg),US EPA National Nutrient Inventory
n_lwr_,n_lwr_2017,2017,N from livestock manure applied to agricultural fields (kg),US EPA National Nutrient Inventory
n_uf_,n_uf_1987,1987,N applied in urban settings to fertilize non-agricultural plants (kg),US EPA National Nutrient Inventory
n_uf_,n_uf_1988,1988,N applied in urban settings to fertilize non-agricultural plants (kg),US EPA National Nutrient Inventory
n_uf_,n_uf_1989,1989,N applied in urban settings to fertilize non-agricultural plants (kg),US EPA National Nutrient Inventory
n_uf_,n_uf_1990,1990,N applied in urban settings to fertilize non-agricultural plants (kg),US EPA National Nutrient Inventory
n_uf_,n_uf_1991,1991,N applied in urban settings to fertilize non-agricultural plants (kg),US EPA National Nutrient Inventory
n_uf_,n_uf_1992,1992,N applied in urban settings to fertilize non-agricultural plants (kg),US EPA National Nutrient Inventory
n_uf_,n_uf_1993,1993,N applied in urban settings to fertilize non-agricultural plants (kg),US EPA National Nutrient Inventory
n_uf_,n_uf_1994,1994,N applied in urban settings to fertilize non-agricultural plants (kg),US EPA National Nutrient Inventory
n_uf_,n_uf_1995,1995,N applied in urban settings to fertilize non-agricultural plants (kg),US EPA National Nutrient Inventory
n_uf_,n_uf_1996,1996,N applied in urban settings to fertilize non-agricultural plants (kg),US EPA National Nutrient Inventory
n_uf_,n_uf_1997,1997,N applied in urban settings to fertilize non-agricultural plants (kg),US EPA National Nutrient Inventory
n_uf_,n_uf_1998,1998,N applied in urban settings to fertilize non-agricultural plants (kg),US EPA National Nutrient Inventory
n_uf_,n_uf_1999,1999,N applied in urban settings to fertilize non-agricultural plants (kg),US EPA National Nutrient Inventory
n_uf_,n_uf_2000,2000,N applied in urban settings to fertilize non-agricultural plants (kg),US EPA National Nutrient Inventory
n_uf_,n_uf_2001,2001,N applied in urban settings to fertilize non-agricultural plants (kg),US EPA National Nutrient Inventory
n_uf_,n_uf_2002,2002,N applied in urban settings to fertilize non-agricultural plants (kg),US EPA National Nutrient Inventory
n_uf_,n_uf_2003,2003,N applied in urban settings to fertilize non-agricultural plants (kg),US EPA National Nutrient Inventory
n_uf_,n_uf_2004,2004,N applied in urban settings to fertilize non-agricultural plants (kg),US EPA National Nutrient Inventory
n_uf_,n_uf_2005,2005,N applied in urban settings to fertilize non-agricultural plants (kg),US EPA National Nutrient Inventory
n_uf_,n_uf_2006,2006,N applied in urban settings to fertilize non-agricultural plants (kg),US EPA National Nutrient Inventory
n_uf_,n_uf_2007,2007,N applied in urban settings to fertilize non-agricultural plants (kg),US EPA National Nutrient Inventory
n_uf_,n_uf_2008,2008,N applied in urban settings to fertilize non-agricultural plants (kg),US EPA National Nutrient Inventory
n_uf_,n_uf_2009,2009,N applied in urban settings to fertilize non-agricultural plants (kg),US EPA National Nutrient Inventory
n_uf_,n_uf_2010,2010,N applied in urban settings to fertilize non-agricultural plants (kg),US EPA National Nutrient Inventory
n_uf_,n_uf_2011,2011,N applied in urban settings to fertilize non-agricultural plants (kg),US EPA National Nutrient Inventory
n_uf_,n_uf_2012,2012,N applied in urban settings to fertilize non-agricultural plants (kg),US EPA National Nutrient Inventory
n_uf_,n_uf_2013,2013,N applied in urban settings to fertilize non-agricultural plants (kg),US EPA National Nutrient Inventory
n_uf_,n_uf_2014,2014,N applied in urban settings to fertilize non-agricultural plants (kg),US EPA National Nutrient Inventory
n_uf_,n_uf_2015,2015,N applied in urban settings to fertilize non-agricultural plants (kg),US EPA National Nutrient Inventory
n_uf_,n_uf_2016,2016,N applied in urban settings to fertilize non-agricultural plants (kg),US EPA National Nutrient Inventory
n_uf_,n_uf_2017,2017,N applied in urban settings to fertilize non-agricultural plants (kg),US EPA National Nutrient Inventory
nabd_dens,nabd_dens,NA,NABD dam density (dams/sq km),National Anthropogenic Barrier Dataset
nabd_nidstor,nabd_nidstor,NA,NABD NID reservoir volume (cubic m/sq km),National Anthropogenic Barrier Dataset
nabd_nrmstor,nabd_nrmstor,NA,NABD normal reservoir volume (cubic m/sq km),National Anthropogenic Barrier Dataset
npdesdens,npdesdens,NA,NPDES site density (sites/sq km),EPA FRS
p_ags_,p_ags_1987,1987,P agricultural surplus (kg),US EPA National Nutrient Inventory
p_ags_,p_ags_1988,1988,P agricultural surplus (kg),US EPA National Nutrient Inventory
p_ags_,p_ags_1989,1989,P agricultural surplus (kg),US EPA National Nutrient Inventory
p_ags_,p_ags_1990,1990,P agricultural surplus (kg),US EPA National Nutrient Inventory
p_ags_,p_ags_1991,1991,P agricultural surplus (kg),US EPA National Nutrient Inventory
p_ags_,p_ags_1992,1992,P agricultural surplus (kg),US EPA National Nutrient Inventory
p_ags_,p_ags_1993,1993,P agricultural surplus (kg),US EPA National Nutrient Inventory
p_ags_,p_ags_1994,1994,P agricultural surplus (kg),US EPA National Nutrient Inventory
p_ags_,p_ags_1995,1995,P agricultural surplus (kg),US EPA National Nutrient Inventory
p_ags_,p_ags_1996,1996,P agricultural surplus (kg),US EPA National Nutrient Inventory
p_ags_,p_ags_1997,1997,P agricultural surplus (kg),US EPA National Nutrient Inventory
p_ags_,p_ags_1998,1998,P agricultural surplus (kg),US EPA National Nutrient Inventory
p_ags_,p_ags_1999,1999,P agricultural surplus (kg),US EPA National Nutrient Inventory
p_ags_,p_ags_2000,2000,P agricultural surplus (kg),US EPA National Nutrient Inventory
p_ags_,p_ags_2001,2001,P agricultural surplus (kg),US EPA National Nutrient Inventory
p_ags_,p_ags_2002,2002,P agricultural surplus (kg),US EPA National Nutrient Inventory
p_ags_,p_ags_2003,2003,P agricultural surplus (kg),US EPA National Nutrient Inventory
p_ags_,p_ags_2004,2004,P agricultural surplus (kg),US EPA National Nutrient Inventory
p_ags_,p_ags_2005,2005,P agricultural surplus (kg),US EPA National Nutrient Inventory
p_ags_,p_ags_2006,2006,P agricultural surplus (kg),US EPA National Nutrient Inventory
p_ags_,p_ags_2007,2007,P agricultural surplus (kg),US EPA National Nutrient Inventory
p_ags_,p_ags_2008,2008,P agricultural surplus (kg),US EPA National Nutrient Inventory
p_ags_,p_ags_2009,2009,P agricultural surplus (kg),US EPA National Nutrient Inventory
p_ags_,p_ags_2010,2010,P agricultural surplus (kg),US EPA National Nutrient Inventory
p_ags_,p_ags_2011,2011,P agricultural surplus (kg),US EPA National Nutrient Inventory
p_ags_,p_ags_2012,2012,P agricultural surplus (kg),US EPA National Nutrient Inventory
p_ags_,p_ags_2013,2013,P agricultural surplus (kg),US EPA National Nutrient Inventory
p_ags_,p_ags_2014,2014,P agricultural surplus (kg),US EPA National Nutrient Inventory
p_ags_,p_ags_2015,2015,P agricultural surplus (kg),US EPA National Nutrient Inventory
p_ags_,p_ags_2016,2016,P agricultural surplus (kg),US EPA National Nutrient Inventory
p_ags_,p_ags_2017,2017,P agricultural surplus (kg),US EPA National Nutrient Inventory
p_cr_,p_cr_1987,1987,P removed from agricultural fields via crop output harvest (kg),US EPA National Nutrient Inventory
p_cr_,p_cr_1988,1988,P removed from agricultural fields via crop output harvest (kg),US EPA National Nutrient Inventory
p_cr_,p_cr_1989,1989,P removed from agricultural fields via crop output harvest (kg),US EPA National Nutrient Inventory
p_cr_,p_cr_1990,1990,P removed from agricultural fields via crop output harvest (kg),US EPA National Nutrient Inventory
p_cr_,p_cr_1991,1991,P removed from agricultural fields via crop output harvest (kg),US EPA National Nutrient Inventory
p_cr_,p_cr_1992,1992,P removed from agricultural fields via crop output harvest (kg),US EPA National Nutrient Inventory
p_cr_,p_cr_1993,1993,P removed from agricultural fields via crop output harvest (kg),US EPA National Nutrient Inventory
p_cr_,p_cr_1994,1994,P removed from agricultural fields via crop output harvest (kg),US EPA National Nutrient Inventory
p_cr_,p_cr_1995,1995,P removed from agricultural fields via crop output harvest (kg),US EPA National Nutrient Inventory
p_cr_,p_cr_1996,1996,P removed from agricultural fields via crop output harvest (kg),US EPA National Nutrient Inventory
p_cr_,p_cr_1997,1997,P removed from agricultural fields via crop output harvest (kg),US EPA National Nutrient Inventory
p_cr_,p_cr_1998,1998,P removed from agricultural fields via crop output harvest (kg),US EPA National Nutrient Inventory
p_cr_,p_cr_1999,1999,P removed from agricultural fields via crop output harvest (kg),US EPA National Nutrient Inventory
p_cr_,p_cr_2000,2000,P removed from agricultural fields via crop output harvest (kg),US EPA National Nutrient Inventory
p_cr_,p_cr_2001,2001,P removed from agricultural fields via crop output harvest (kg),US EPA National Nutrient Inventory
p_cr_,p_cr_2002,2002,P removed from agricultural fields via crop output harvest (kg),US EPA National Nutrient Inventory
p_cr_,p_cr_2003,2003,P removed from agricultural fields via crop output harvest (kg),US EPA National Nutrient Inventory
p_cr_,p_cr_2004,2004,P removed from agricultural fields via crop output harvest (kg),US EPA National Nutrient Inventory
p_cr_,p_cr_2005,2005,P removed from agricultural fields via crop output harvest (kg),US EPA National Nutrient Inventory
p_cr_,p_cr_2006,2006,P removed from agricultural fields via crop output harvest (kg),US EPA National Nutrient Inventory
p_cr_,p_cr_2007,2007,P removed from agricultural fields via crop output harvest (kg),US EPA National Nutrient Inventory
p_cr_,p_cr_2008,2008,P removed from agricultural fields via crop output harvest (kg),US EPA National Nutrient Inventory
p_cr_,p_cr_2009,2009,P removed from agricultural fields via crop output harvest (kg),US EPA National Nutrient Inventory
p_cr_,p_cr_2010,2010,P removed from agricultural fields via crop output harvest (kg),US EPA National Nutrient Inventory
p_cr_,p_cr_2011,2011,P removed from agricultural fields via crop output harvest (kg),US EPA National Nutrient Inventory
p_cr_,p_cr_2012,2012,P removed from agricultural fields via crop output harvest (kg),US EPA National Nutrient Inventory
p_cr_,p_cr_2013,2013,P removed from agricultural fields via crop output harvest (kg),US EPA National Nutrient Inventory
p_cr_,p_cr_2014,2014,P removed from agricultural fields via crop output harvest (kg),US EPA National Nutrient Inventory
p_cr_,p_cr_2015,2015,P removed from agricultural fields via crop output harvest (kg),US EPA National Nutrient Inventory
p_cr_,p_cr_2016,2016,P removed from agricultural fields via crop output harvest (kg),US EPA National Nutrient Inventory
p_cr_,p_cr_2017,2017,P removed from agricultural fields via crop output harvest (kg),US EPA National Nutrient Inventory
p_ff_,p_ff_1987,1987,P applied to agricultural fields to fertilize crops (kg),US EPA National Nutrient Inventory
p_ff_,p_ff_1988,1988,P applied to agricultural fields to fertilize crops (kg),US EPA National Nutrient Inventory
p_ff_,p_ff_1989,1989,P applied to agricultural fields to fertilize crops (kg),US EPA National Nutrient Inventory
p_ff_,p_ff_1990,1990,P applied to agricultural fields to fertilize crops (kg),US EPA National Nutrient Inventory
p_ff_,p_ff_1991,1991,P applied to agricultural fields to fertilize crops (kg),US EPA National Nutrient Inventory
p_ff_,p_ff_1992,1992,P applied to agricultural fields to fertilize crops (kg),US EPA National Nutrient Inventory
p_ff_,p_ff_1993,1993,P applied to agricultural fields to fertilize crops (kg),US EPA National Nutrient Inventory
p_ff_,p_ff_1994,1994,P applied to agricultural fields to fertilize crops (kg),US EPA National Nutrient Inventory
p_ff_,p_ff_1995,1995,P applied to agricultural fields to fertilize crops (kg),US EPA National Nutrient Inventory
p_ff_,p_ff_1996,1996,P applied to agricultural fields to fertilize crops (kg),US EPA National Nutrient Inventory
p_ff_,p_ff_1997,1997,P applied to agricultural fields to fertilize crops (kg),US EPA National Nutrient Inventory
p_ff_,p_ff_1998,1998,P applied to agricultural fields to fertilize crops (kg),US EPA National Nutrient Inventory
p_ff_,p_ff_1999,1999,P applied to agricultural fields to fertilize crops (kg),US EPA National Nutrient Inventory
p_ff_,p_ff_2000,2000,P applied to agricultural fields to fertilize crops (kg),US EPA National Nutrient Inventory
p_ff_,p_ff_2001,2001,P applied to agricultural fields to fertilize crops (kg),US EPA National Nutrient Inventory
p_ff_,p_ff_2002,2002,P applied to agricultural fields to fertilize crops (kg),US EPA National Nutrient Inventory
p_ff_,p_ff_2003,2003,P applied to agricultural fields to fertilize crops (kg),US EPA National Nutrient Inventory
p_ff_,p_ff_2004,2004,P applied to agricultural fields to fertilize crops (kg),US EPA National Nutrient Inventory
p_ff_,p_ff_2005,2005,P applied to agricultural fields to fertilize crops (kg),US EPA National Nutrient Inventory
p_ff_,p_ff_2006,2006,P applied to agricultural fields to fertilize crops (kg),US EPA National Nutrient Inventory
p_ff_,p_ff_2007,2007,P applied to agricultural fields to fertilize crops (kg),US EPA National Nutrient Inventory
p_ff_,p_ff_2008,2008,P applied to agricultural fields to fertilize crops (kg),US EPA National Nutrient Inventory
p_ff_,p_ff_2009,2009,P applied to agricultural fields to fertilize crops (kg),US EPA National Nutrient Inventory
p_ff_,p_ff_2010,2010,P applied to agricultural fields to fertilize crops (kg),US EPA National Nutrient Inventory
p_ff_,p_ff_2011,2011,P applied to agricultural fields to fertilize crops (kg),US EPA National Nutrient Inventory
p_ff_,p_ff_2012,2012,P applied to agricultural fields to fertilize crops (kg),US EPA National Nutrient Inventory
p_ff_,p_ff_2013,2013,P applied to agricultural fields to fertilize crops (kg),US EPA National Nutrient Inventory
p_ff_,p_ff_2014,2014,P applied to agricultural fields to fertilize crops (kg),US EPA National Nutrient Inventory
p_ff_,p_ff_2015,2015,P applied to agricultural fields to fertilize crops (kg),US EPA National Nutrient Inventory
p_ff_,p_ff_2016,2016,P applied to agricultural fields to fertilize crops (kg),US EPA National Nutrient Inventory
p_ff_,p_ff_2017,2017,P applied to agricultural fields to fertilize crops (kg),US EPA National Nutrient Inventory
p_hw_,p_hw_1987,1987,P excreted from humans via waste or otherwise disposed of (kg),US EPA National Nutrient Inventory
p_hw_,p_hw_1988,1988,P excreted from humans via waste or otherwise disposed of (kg),US EPA National Nutrient Inventory
p_hw_,p_hw_1989,1989,P excreted from humans via waste or otherwise disposed of (kg),US EPA National Nutrient Inventory
p_hw_,p_hw_1990,1990,P excreted from humans via waste or otherwise disposed of (kg),US EPA National Nutrient Inventory
p_hw_,p_hw_1991,1991,P excreted from humans via waste or otherwise disposed of (kg),US EPA National Nutrient Inventory
p_hw_,p_hw_1992,1992,P excreted from humans via waste or otherwise disposed of (kg),US EPA National Nutrient Inventory
p_hw_,p_hw_1993,1993,P excreted from humans via waste or otherwise disposed of (kg),US EPA National Nutrient Inventory
p_hw_,p_hw_1994,1994,P excreted from humans via waste or otherwise disposed of (kg),US EPA National Nutrient Inventory
p_hw_,p_hw_1995,1995,P excreted from humans via waste or otherwise disposed of (kg),US EPA National Nutrient Inventory
p_hw_,p_hw_1996,1996,P excreted from humans via waste or otherwise disposed of (kg),US EPA National Nutrient Inventory
p_hw_,p_hw_1997,1997,P excreted from humans via waste or otherwise disposed of (kg),US EPA National Nutrient Inventory
p_hw_,p_hw_1998,1998,P excreted from humans via waste or otherwise disposed of (kg),US EPA National Nutrient Inventory
p_hw_,p_hw_1999,1999,P excreted from humans via waste or otherwise disposed of (kg),US EPA National Nutrient Inventory
p_hw_,p_hw_2000,2000,P excreted from humans via waste or otherwise disposed of (kg),US EPA National Nutrient Inventory
p_hw_,p_hw_2001,2001,P excreted from humans via waste or otherwise disposed of (kg),US EPA National Nutrient Inventory
p_hw_,p_hw_2002,2002,P excreted from humans via waste or otherwise disposed of (kg),US EPA National Nutrient Inventory
p_hw_,p_hw_2003,2003,P excreted from humans via waste or otherwise disposed of (kg),US EPA National Nutrient Inventory
p_hw_,p_hw_2004,2004,P excreted from humans via waste or otherwise disposed of (kg),US EPA National Nutrient Inventory
p_hw_,p_hw_2005,2005,P excreted from humans via waste or otherwise disposed of (kg),US EPA National Nutrient Inventory
p_hw_,p_hw_2006,2006,P excreted from humans via waste or otherwise disposed of (kg),US EPA National Nutrient Inventory
p_hw_,p_hw_2007,2007,P excreted from humans via waste or otherwise disposed of (kg),US EPA National Nutrient Inventory
p_hw_,p_hw_2008,2008,P excreted from humans via waste or otherwise disposed of (kg),US EPA National Nutrient Inventory
p_hw_,p_hw_2009,2009,P excreted from humans via waste or otherwise disposed of (kg),US EPA National Nutrient Inventory
p_hw_,p_hw_2010,2010,P excreted from humans via waste or otherwise disposed of (kg),US EPA National Nutrient Inventory
p_hw_,p_hw_2011,2011,P excreted from humans via waste or otherwise disposed of (kg),US EPA National Nutrient Inventory
p_hw_,p_hw_2012,2012,P excreted from humans via waste or otherwise disposed of (kg),US EPA National Nutrient Inventory
p_hw_,p_hw_2013,2013,P excreted from humans via waste or otherwise disposed of (kg),US EPA National Nutrient Inventory
p_hw_,p_hw_2014,2014,P excreted from humans via waste or otherwise disposed of (kg),US EPA National Nutrient Inventory
p_hw_,p_hw_2015,2015,P excreted from humans via waste or otherwise disposed of (kg),US EPA National Nutrient Inventory
p_hw_,p_hw_2016,2016,P excreted from humans via waste or otherwise disposed of (kg),US EPA National Nutrient Inventory
p_hw_,p_hw_2017,2017,P excreted from humans via waste or otherwise disposed of (kg),US EPA National Nutrient Inventory
p_lw_,p_lw_1987,1987,P excreted from livestock animals through manure (kg),US EPA National Nutrient Inventory
p_lw_,p_lw_1988,1988,P excreted from livestock animals through manure (kg),US EPA National Nutrient Inventory
p_lw_,p_lw_1989,1989,P excreted from livestock animals through manure (kg),US EPA National Nutrient Inventory
p_lw_,p_lw_1990,1990,P excreted from livestock animals through manure (kg),US EPA National Nutrient Inventory
p_lw_,p_lw_1991,1991,P excreted from livestock animals through manure (kg),US EPA National Nutrient Inventory
p_lw_,p_lw_1992,1992,P excreted from livestock animals through manure (kg),US EPA National Nutrient Inventory
p_lw_,p_lw_1993,1993,P excreted from livestock animals through manure (kg),US EPA National Nutrient Inventory
p_lw_,p_lw_1994,1994,P excreted from livestock animals through manure (kg),US EPA National Nutrient Inventory
p_lw_,p_lw_1995,1995,P excreted from livestock animals through manure (kg),US EPA National Nutrient Inventory
p_lw_,p_lw_1996,1996,P excreted from livestock animals through manure (kg),US EPA National Nutrient Inventory
p_lw_,p_lw_1997,1997,P excreted from livestock animals through manure (kg),US EPA National Nutrient Inventory
p_lw_,p_lw_1998,1998,P excreted from livestock animals through manure (kg),US EPA National Nutrient Inventory
p_lw_,p_lw_1999,1999,P excreted from livestock animals through manure (kg),US EPA National Nutrient Inventory
p_lw_,p_lw_2000,2000,P excreted from livestock animals through manure (kg),US EPA National Nutrient Inventory
p_lw_,p_lw_2001,2001,P excreted from livestock animals through manure (kg),US EPA National Nutrient Inventory
p_lw_,p_lw_2002,2002,P excreted from livestock animals through manure (kg),US EPA National Nutrient Inventory
p_lw_,p_lw_2003,2003,P excreted from livestock animals through manure (kg),US EPA National Nutrient Inventory
p_lw_,p_lw_2004,2004,P excreted from livestock animals through manure (kg),US EPA National Nutrient Inventory
p_lw_,p_lw_2005,2005,P excreted from livestock animals through manure (kg),US EPA National Nutrient Inventory
p_lw_,p_lw_2006,2006,P excreted from livestock animals through manure (kg),US EPA National Nutrient Inventory
p_lw_,p_lw_2007,2007,P excreted from livestock animals through manure (kg),US EPA National Nutrient Inventory
p_lw_,p_lw_2008,2008,P excreted from livestock animals through manure (kg),US EPA National Nutrient Inventory
p_lw_,p_lw_2009,2009,P excreted from livestock animals through manure (kg),US EPA National Nutrient Inventory
p_lw_,p_lw_2010,2010,P excreted from livestock animals through manure (kg),US EPA National Nutrient Inventory
p_lw_,p_lw_2011,2011,P excreted from livestock animals through manure (kg),US EPA National Nutrient Inventory
p_lw_,p_lw_2012,2012,P excreted from livestock animals through manure (kg),US EPA National Nutrient Inventory
p_lw_,p_lw_2013,2013,P excreted from livestock animals through manure (kg),US EPA National Nutrient Inventory
p_lw_,p_lw_2014,2014,P excreted from livestock animals through manure (kg),US EPA National Nutrient Inventory
p_lw_,p_lw_2015,2015,P excreted from livestock animals through manure (kg),US EPA National Nutrient Inventory
p_lw_,p_lw_2016,2016,P excreted from livestock animals through manure (kg),US EPA National Nutrient Inventory
p_lw_,p_lw_2017,2017,P excreted from livestock animals through manure (kg),US EPA National Nutrient Inventory
p_lwr_,p_lwr_1987,1987,P from livestock manure applied to agricultural fields (kg),US EPA National Nutrient Inventory
p_lwr_,p_lwr_1988,1988,P from livestock manure applied to agricultural fields (kg),US EPA National Nutrient Inventory
p_lwr_,p_lwr_1989,1989,P from livestock manure applied to agricultural fields (kg),US EPA National Nutrient Inventory
p_lwr_,p_lwr_1990,1990,P from livestock manure applied to agricultural fields (kg),US EPA National Nutrient Inventory
p_lwr_,p_lwr_1991,1991,P from livestock manure applied to agricultural fields (kg),US EPA National Nutrient Inventory
p_lwr_,p_lwr_1992,1992,P from livestock manure applied to agricultural fields (kg),US EPA National Nutrient Inventory
p_lwr_,p_lwr_1993,1993,P from livestock manure applied to agricultural fields (kg),US EPA National Nutrient Inventory
p_lwr_,p_lwr_1994,1994,P from livestock manure applied to agricultural fields (kg),US EPA National Nutrient Inventory
p_lwr_,p_lwr_1995,1995,P from livestock manure applied to agricultural fields (kg),US EPA National Nutrient Inventory
p_lwr_,p_lwr_1996,1996,P from livestock manure applied to agricultural fields (kg),US EPA National Nutrient Inventory
p_lwr_,p_lwr_1997,1997,P from livestock manure applied to agricultural fields (kg),US EPA National Nutrient Inventory
p_lwr_,p_lwr_1998,1998,P from livestock manure applied to agricultural fields (kg),US EPA National Nutrient Inventory
p_lwr_,p_lwr_1999,1999,P from livestock manure applied to agricultural fields (kg),US EPA National Nutrient Inventory
p_lwr_,p_lwr_2000,2000,P from livestock manure applied to agricultural fields (kg),US EPA National Nutrient Inventory
p_lwr_,p_lwr_2001,2001,P from livestock manure applied to agricultural fields (kg),US EPA National Nutrient Inventory
p_lwr_,p_lwr_2002,2002,P from livestock manure applied to agricultural fields (kg),US EPA National Nutrient Inventory
p_lwr_,p_lwr_2003,2003,P from livestock manure applied to agricultural fields (kg),US EPA National Nutrient Inventory
p_lwr_,p_lwr_2004,2004,P from livestock manure applied to agricultural fields (kg),US EPA National Nutrient Inventory
p_lwr_,p_lwr_2005,2005,P from livestock manure applied to agricultural fields (kg),US EPA National Nutrient Inventory
p_lwr_,p_lwr_2006,2006,P from livestock manure applied to agricultural fields (kg),US EPA National Nutrient Inventory
p_lwr_,p_lwr_2007,2007,P from livestock manure applied to agricultural fields (kg),US EPA National Nutrient Inventory
p_lwr_,p_lwr_2008,2008,P from livestock manure applied to agricultural fields (kg),US EPA National Nutrient Inventory
p_lwr_,p_lwr_2009,2009,P from livestock manure applied to agricultural fields (kg),US EPA National Nutrient Inventory
p_lwr_,p_lwr_2010,2010,P from livestock manure applied to agricultural fields (kg),US EPA National Nutrient Inventory
p_lwr_,p_lwr_2011,2011,P from livestock manure applied to agricultural fields (kg),US EPA National Nutrient Inventory
p_lwr_,p_lwr_2012,2012,P from livestock manure applied to agricultural fields (kg),US EPA National Nutrient Inventory
p_lwr_,p_lwr_2013,2013,P from livestock manure applied to agricultural fields (kg),US EPA National Nutrient Inventory
p_lwr_,p_lwr_2014,2014,P from livestock manure applied to agricultural fields (kg),US EPA National Nutrient Inventory
p_lwr_,p_lwr_2015,2015,P from livestock manure applied to agricultural fields (kg),US EPA National Nutrient Inventory
p_lwr_,p_lwr_2016,2016,P from livestock manure applied to agricultural fields (kg),US EPA National Nutrient Inventory
p_lwr_,p_lwr_2017,2017,P from livestock manure applied to agricultural fields (kg),US EPA National Nutrient Inventory
p_uf_,p_uf_1987,1987,P applied in urban settings to fertilize non-agricultural plants (kg),US EPA National Nutrient Inventory
p_uf_,p_uf_1988,1988,P applied in urban settings to fertilize non-agricultural plants (kg),US EPA National Nutrient Inventory
p_uf_,p_uf_1989,1989,P applied in urban settings to fertilize non-agricultural plants (kg),US EPA National Nutrient Inventory
p_uf_,p_uf_1990,1990,P applied in urban settings to fertilize non-agricultural plants (kg),US EPA National Nutrient Inventory
p_uf_,p_uf_1991,1991,P applied in urban settings to fertilize non-agricultural plants (kg),US EPA National Nutrient Inventory
p_uf_,p_uf_1992,1992,P applied in urban settings to fertilize non-agricultural plants (kg),US EPA National Nutrient Inventory
p_uf_,p_uf_1993,1993,P applied in urban settings to fertilize non-agricultural plants (kg),US EPA National Nutrient Inventory
p_uf_,p_uf_1994,1994,P applied in urban settings to fertilize non-agricultural plants (kg),US EPA National Nutrient Inventory
p_uf_,p_uf_1995,1995,P applied in urban settings to fertilize non-agricultural plants (kg),US EPA National Nutrient Inventory
p_uf_,p_uf_1996,1996,P applied in urban settings to fertilize non-agricultural plants (kg),US EPA National Nutrient Inventory
p_uf_,p_uf_1997,1997,P applied in urban settings to fertilize non-agricultural plants (kg),US EPA National Nutrient Inventory
p_uf_,p_uf_1998,1998,P applied in urban settings to fertilize non-agricultural plants (kg),US EPA National Nutrient Inventory
p_uf_,p_uf_1999,1999,P applied in urban settings to fertilize non-agricultural plants (kg),US EPA National Nutrient Inventory
p_uf_,p_uf_2000,2000,P applied in urban settings to fertilize non-agricultural plants (kg),US EPA National Nutrient Inventory
p_uf_,p_uf_2001,2001,P applied in urban settings to fertilize non-agricultural plants (kg),US EPA National Nutrient Inventory
p_uf_,p_uf_2002,2002,P applied in urban settings to fertilize non-agricultural plants (kg),US EPA National Nutrient Inventory
p_uf_,p_uf_2003,2003,P applied in urban settings to fertilize non-agricultural plants (kg),US EPA National Nutrient Inventory
p_uf_,p_uf_2004,2004,P applied in urban settings to fertilize non-agricultural plants (kg),US EPA National Nutrient Inventory
p_uf_,p_uf_2005,2005,P applied in urban settings to fertilize non-agricultural plants (kg),US EPA National Nutrient Inventory
p_uf_,p_uf_2006,2006,P applied in urban settings to fertilize non-agricultural plants (kg),US EPA National Nutrient Inventory
p_uf_,p_uf_2007,2007,P applied in urban settings to fertilize non-agricultural plants (kg),US EPA National Nutrient Inventory
p_uf_,p_uf_2008,2008,P applied in urban settings to fertilize non-agricultural plants (kg),US EPA National Nutrient Inventory
p_uf_,p_uf_2009,2009,P applied in urban settings to fertilize non-agricultural plants (kg),US EPA National Nutrient Inventory
p_uf_,p_uf_2010,2010,P applied in urban settings to fertilize non-agricultural plants (kg),US EPA National Nutrient Inventory
p_uf_,p_uf_2011,2011,P applied in urban settings to fertilize non-agricultural plants (kg),US EPA National Nutrient Inventory
p_uf_,p_uf_2012,2012,P applied in urban settings to fertilize non-agricultural plants (kg),US EPA National Nutrient Inventory
p_uf_,p_uf_2013,2013,P applied in urban settings to fertilize non-agricultural plants (kg),US EPA National Nutrient Inventory
p_uf_,p_uf_2014,2014,P applied in urban settings to fertilize non-agricultural plants (kg),US EPA National Nutrient Inventory
p_uf_,p_uf_2015,2015,P applied in urban settings to fertilize non-agricultural plants (kg),US EPA National Nutrient Inventory
p_uf_,p_uf_2016,2016,P applied in urban settings to fertilize non-agricultural plants (kg),US EPA National Nutrient Inventory
p_uf_,p_uf_2017,2017,P applied in urban settings to fertilize non-agricultural plants (kg),US EPA National Nutrient Inventory
pctagslphigh,pctagslphigh2001,2001,Percent of agriculture of 20% slope,NLCD
pctagslphigh,pctagslphigh2004,2004,Percent of agriculture of 20% slope,NLCD
pctagslphigh,pctagslphigh2006,2006,Percent of agriculture of 20% slope,NLCD
pctagslphigh,pctagslphigh2008,2008,Percent of agriculture of 20% slope,NLCD
pctagslphigh,pctagslphigh2011,2011,Percent of agriculture of 20% slope,NLCD
pctagslphigh,pctagslphigh2013,2013,Percent of agriculture of 20% slope,NLCD
pctagslphigh,pctagslphigh2016,2016,Percent of agriculture of 20% slope,NLCD
pctagslphigh,pctagslphigh2019,2019,Percent of agriculture of 20% slope,NLCD
pctagslpmid,pctagslpmid2001,2001,Percent of agriculture of 10% slope,NLCD
pctagslpmid,pctagslpmid2004,2004,Percent of agriculture of 10% slope,NLCD
pctagslpmid,pctagslpmid2006,2006,Percent of agriculture of 10% slope,NLCD
pctagslpmid,pctagslpmid2008,2008,Percent of agriculture of 10% slope,NLCD
pctagslpmid,pctagslpmid2011,2011,Percent of agriculture of 10% slope,NLCD
pctagslpmid,pctagslpmid2013,2013,Percent of agriculture of 10% slope,NLCD
pctagslpmid,pctagslpmid2016,2016,Percent of agriculture of 10% slope,NLCD
pctagslpmid,pctagslpmid2019,2019,Percent of agriculture of 10% slope,NLCD
pctcrop,pctcrop2001,2001,Row crop percentage,NLCD
pctcrop,pctcrop2004,2004,Row crop percentage,NLCD
pctcrop,pctcrop2006,2006,Row crop percentage,NLCD
pctcrop,pctcrop2008,2008,Row crop percentage,NLCD
pctcrop,pctcrop2011,2011,Row crop percentage,NLCD
pctcrop,pctcrop2013,2013,Row crop percentage,NLCD
pctcrop,pctcrop2016,2016,Row crop percentage,NLCD
pctcrop,pctcrop2019,2019,Row crop percentage,NLCD
pcthay,pcthay2001,2001,Pasture/hay percentage,NLCD
pcthay,pcthay2004,2004,Pasture/hay percentage,NLCD
pcthay,pcthay2006,2006,Pasture/hay percentage,NLCD
pcthay,pcthay2008,2008,Pasture/hay percentage,NLCD
pcthay,pcthay2011,2011,Pasture/hay percentage,NLCD
pcthay,pcthay2013,2013,Pasture/hay percentage,NLCD
pcthay,pcthay2016,2016,Pasture/hay percentage,NLCD
pcthay,pcthay2019,2019,Pasture/hay percentage,NLCD
pcthighsev,pcthighsev1984,1984,Percent high burn severity class,MTBS
pcthighsev,pcthighsev1985,1985,Percent high burn severity class,MTBS
pcthighsev,pcthighsev1986,1986,Percent high burn severity class,MTBS
pcthighsev,pcthighsev1987,1987,Percent high burn severity class,MTBS
pcthighsev,pcthighsev1988,1988,Percent high burn severity class,MTBS
pcthighsev,pcthighsev1989,1989,Percent high burn severity class,MTBS
pcthighsev,pcthighsev1990,1990,Percent high burn severity class,MTBS
pcthighsev,pcthighsev1991,1991,Percent high burn severity class,MTBS
pcthighsev,pcthighsev1992,1992,Percent high burn severity class,MTBS
pcthighsev,pcthighsev1993,1993,Percent high burn severity class,MTBS
pcthighsev,pcthighsev1994,1994,Percent high burn severity class,MTBS
pcthighsev,pcthighsev1995,1995,Percent high burn severity class,MTBS
pcthighsev,pcthighsev1996,1996,Percent high burn severity class,MTBS
pcthighsev,pcthighsev1997,1997,Percent high burn severity class,MTBS
pcthighsev,pcthighsev1998,1998,Percent high burn severity class,MTBS
pcthighsev,pcthighsev1999,1999,Percent high burn severity class,MTBS
pcthighsev,pcthighsev2000,2000,Percent high burn severity class,MTBS
pcthighsev,pcthighsev2001,2001,Percent high burn severity class,MTBS
pcthighsev,pcthighsev2002,2002,Percent high burn severity class,MTBS
pcthighsev,pcthighsev2003,2003,Percent high burn severity class,MTBS
pcthighsev,pcthighsev2004,2004,Percent high burn severity class,MTBS
pcthighsev,pcthighsev2005,2005,Percent high burn severity class,MTBS
pcthighsev,pcthighsev2006,2006,Percent high burn severity class,MTBS
pcthighsev,pcthighsev2007,2007,Percent high burn severity class,MTBS
pcthighsev,pcthighsev2008,2008,Percent high burn severity class,MTBS
pcthighsev,pcthighsev2009,2009,Percent high burn severity class,MTBS
pcthighsev,pcthighsev2010,2010,Percent high burn severity class,MTBS
pcthighsev,pcthighsev2011,2011,Percent high burn severity class,MTBS
pcthighsev,pcthighsev2012,2012,Percent high burn severity class,MTBS
pcthighsev,pcthighsev2013,2013,Percent high burn severity class,MTBS
pcthighsev,pcthighsev2014,2014,Percent high burn severity class,MTBS
pcthighsev,pcthighsev2015,2015,Percent high burn severity class,MTBS
pcthighsev,pcthighsev2016,2016,Percent high burn severity class,MTBS
pcthighsev,pcthighsev2017,2017,Percent high burn severity class,MTBS
pcthighsev,pcthighsev2018,2018,Percent high burn severity class,MTBS
pctimp,pctimp2001,2001,Mean percent imperviousness,NLCD
pctimp,pctimp2004,2004,Mean percent imperviousness,NLCD
pctimp,pctimp2006,2006,Mean percent imperviousness,NLCD
pctimp,pctimp2008,2008,Mean percent imperviousness,NLCD
pctimp,pctimp2011,2011,Mean percent imperviousness,NLCD
pctimp,pctimp2013,2013,Mean percent imperviousness,NLCD
pctimp,pctimp2016,2016,Mean percent imperviousness,NLCD
pctimp,pctimp2019,2019,Mean percent imperviousness,NLCD
pctimpslphigh,pctimpslphigh2001,2001,Mean percent imperviousness on 10% slope,NLCD
pctimpslphigh,pctimpslphigh2004,2004,Mean percent imperviousness on 10% slope,NLCD
pctimpslphigh,pctimpslphigh2006,2006,Mean percent imperviousness on 10% slope,NLCD
pctimpslphigh,pctimpslphigh2008,2008,Mean percent imperviousness on 10% slope,NLCD
pctimpslphigh,pctimpslphigh2011,2011,Mean percent imperviousness on 10% slope,NLCD
pctimpslphigh,pctimpslphigh2013,2013,Mean percent imperviousness on 10% slope,NLCD
pctimpslphigh,pctimpslphigh2016,2016,Mean percent imperviousness on 10% slope,NLCD
pctimpslphigh,pctimpslphigh2019,2019,Mean percent imperviousness on 10% slope,NLCD
pctimpslpmid,pctimpslpmid2001,2001,Mean percent imperviousness on 20% slope,NLCD
pctimpslpmid,pctimpslpmid2004,2004,Mean percent imperviousness on 20% slope,NLCD
pctimpslpmid,pctimpslpmid2006,2006,Mean percent imperviousness on 20% slope,NLCD
pctimpslpmid,pctimpslpmid2008,2008,Mean percent imperviousness on 20% slope,NLCD
pctimpslpmid,pctimpslpmid2011,2011,Mean percent imperviousness on 20% slope,NLCD
pctimpslpmid,pctimpslpmid2013,2013,Mean percent imperviousness on 20% slope,NLCD
pctimpslpmid,pctimpslpmid2016,2016,Mean percent imperviousness on 20% slope,NLCD
pctimpslpmid,pctimpslpmid2019,2019,Mean percent imperviousness on 20% slope,NLCD
pctlowsev,pctlowsev1984,1984,Percent low burn severity class,MTBS
pctlowsev,pctlowsev1985,1985,Percent low burn severity class,MTBS
pctlowsev,pctlowsev1986,1986,Percent low burn severity class,MTBS
pctlowsev,pctlowsev1987,1987,Percent low burn severity class,MTBS
pctlowsev,pctlowsev1988,1988,Percent low burn severity class,MTBS
pctlowsev,pctlowsev1989,1989,Percent low burn severity class,MTBS
pctlowsev,pctlowsev1990,1990,Percent low burn severity class,MTBS
pctlowsev,pctlowsev1991,1991,Percent low burn severity class,MTBS
pctlowsev,pctlowsev1992,1992,Percent low burn severity class,MTBS
pctlowsev,pctlowsev1993,1993,Percent low burn severity class,MTBS
pctlowsev,pctlowsev1994,1994,Percent low burn severity class,MTBS
pctlowsev,pctlowsev1995,1995,Percent low burn severity class,MTBS
pctlowsev,pctlowsev1996,1996,Percent low burn severity class,MTBS
pctlowsev,pctlowsev1997,1997,Percent low burn severity class,MTBS
pctlowsev,pctlowsev1998,1998,Percent low burn severity class,MTBS
pctlowsev,pctlowsev1999,1999,Percent low burn severity class,MTBS
pctlowsev,pctlowsev2000,2000,Percent low burn severity class,MTBS
pctlowsev,pctlowsev2001,2001,Percent low burn severity class,MTBS
pctlowsev,pctlowsev2002,2002,Percent low burn severity class,MTBS
pctlowsev,pctlowsev2003,2003,Percent low burn severity class,MTBS
pctlowsev,pctlowsev2004,2004,Percent low burn severity class,MTBS
pctlowsev,pctlowsev2005,2005,Percent low burn severity class,MTBS
pctlowsev,pctlowsev2006,2006,Percent low burn severity class,MTBS
pctlowsev,pctlowsev2007,2007,Percent low burn severity class,MTBS
pctlowsev,pctlowsev2008,2008,Percent low burn severity class,MTBS
pctlowsev,pctlowsev2009,2009,Percent low burn severity class,MTBS
pctlowsev,pctlowsev2010,2010,Percent low burn severity class,MTBS
pctlowsev,pctlowsev2011,2011,Percent low burn severity class,MTBS
pctlowsev,pctlowsev2012,2012,Percent low burn severity class,MTBS
pctlowsev,pctlowsev2013,2013,Percent low burn severity class,MTBS
pctlowsev,pctlowsev2014,2014,Percent low burn severity class,MTBS
pctlowsev,pctlowsev2015,2015,Percent low burn severity class,MTBS
pctlowsev,pctlowsev2016,2016,Percent low burn severity class,MTBS
pctlowsev,pctlowsev2017,2017,Percent low burn severity class,MTBS
pctlowsev,pctlowsev2018,2018,Percent low burn severity class,MTBS
pctmodsev,pctmodsev1984,1984,Percent moderate burn severity class,MTBS
pctmodsev,pctmodsev1985,1985,Percent moderate burn severity class,MTBS
pctmodsev,pctmodsev1986,1986,Percent moderate burn severity class,MTBS
pctmodsev,pctmodsev1987,1987,Percent moderate burn severity class,MTBS
pctmodsev,pctmodsev1988,1988,Percent moderate burn severity class,MTBS
pctmodsev,pctmodsev1989,1989,Percent moderate burn severity class,MTBS
pctmodsev,pctmodsev1990,1990,Percent moderate burn severity class,MTBS
pctmodsev,pctmodsev1991,1991,Percent moderate burn severity class,MTBS
pctmodsev,pctmodsev1992,1992,Percent moderate burn severity class,MTBS
pctmodsev,pctmodsev1993,1993,Percent moderate burn severity class,MTBS
pctmodsev,pctmodsev1994,1994,Percent moderate burn severity class,MTBS
pctmodsev,pctmodsev1995,1995,Percent moderate burn severity class,MTBS
pctmodsev,pctmodsev1996,1996,Percent moderate burn severity class,MTBS
pctmodsev,pctmodsev1997,1997,Percent moderate burn severity class,MTBS
pctmodsev,pctmodsev1998,1998,Percent moderate burn severity class,MTBS
pctmodsev,pctmodsev1999,1999,Percent moderate burn severity class,MTBS
pctmodsev,pctmodsev2000,2000,Percent moderate burn severity class,MTBS
pctmodsev,pctmodsev2001,2001,Percent moderate burn severity class,MTBS
pctmodsev,pctmodsev2002,2002,Percent moderate burn severity class,MTBS
pctmodsev,pctmodsev2003,2003,Percent moderate burn severity class,MTBS
pctmodsev,pctmodsev2004,2004,Percent moderate burn severity class,MTBS
pctmodsev,pctmodsev2005,2005,Percent moderate burn severity class,MTBS
pctmodsev,pctmodsev2006,2006,Percent moderate burn severity class,MTBS
pctmodsev,pctmodsev2007,2007,Percent moderate burn severity class,MTBS
pctmodsev,pctmodsev2008,2008,Percent moderate burn severity class,MTBS
pctmodsev,pctmodsev2009,2009,Percent moderate burn severity class,MTBS
pctmodsev,pctmodsev2010,2010,Percent moderate burn severity class,MTBS
pctmodsev,pctmodsev2011,2011,Percent moderate burn severity class,MTBS
pctmodsev,pctmodsev2012,2012,Percent moderate burn severity class,MTBS
pctmodsev,pctmodsev2013,2013,Percent moderate burn severity class,MTBS
pctmodsev,pctmodsev2014,2014,Percent moderate burn severity class,MTBS
pctmodsev,pctmodsev2015,2015,Percent moderate burn severity class,MTBS
pctmodsev,pctmodsev2016,2016,Percent moderate burn severity class,MTBS
pctmodsev,pctmodsev2017,2017,Percent moderate burn severity class,MTBS
pctmodsev,pctmodsev2018,2018,Percent moderate burn severity class,MTBS
pctundsev,pctundsev1984,1984,Percent underburned to low burn severity class,MTBS
pctundsev,pctundsev1985,1985,Percent underburned to low burn severity class,MTBS
pctundsev,pctundsev1986,1986,Percent underburned to low burn severity class,MTBS
pctundsev,pctundsev1987,1987,Percent underburned to low burn severity class,MTBS
pctundsev,pctundsev1988,1988,Percent underburned to low burn severity class,MTBS
pctundsev,pctundsev1989,1989,Percent underburned to low burn severity class,MTBS
pctundsev,pctundsev1990,1990,Percent underburned to low burn severity class,MTBS
pctundsev,pctundsev1991,1991,Percent underburned to low burn severity class,MTBS
pctundsev,pctundsev1992,1992,Percent underburned to low burn severity class,MTBS
pctundsev,pctundsev1993,1993,Percent underburned to low burn severity class,MTBS
pctundsev,pctundsev1994,1994,Percent underburned to low burn severity class,MTBS
pctundsev,pctundsev1995,1995,Percent underburned to low burn severity class,MTBS
pctundsev,pctundsev1996,1996,Percent underburned to low burn severity class,MTBS
pctundsev,pctundsev1997,1997,Percent underburned to low burn severity class,MTBS
pctundsev,pctundsev1998,1998,Percent underburned to low burn severity class,MTBS
pctundsev,pctundsev1999,1999,Percent underburned to low burn severity class,MTBS
pctundsev,pctundsev2000,2000,Percent underburned to low burn severity class,MTBS
pctundsev,pctundsev2001,2001,Percent underburned to low burn severity class,MTBS
pctundsev,pctundsev2002,2002,Percent underburned to low burn severity class,MTBS
pctundsev,pctundsev2003,2003,Percent underburned to low burn severity class,MTBS
pctundsev,pctundsev2004,2004,Percent underburned to low burn severity class,MTBS
pctundsev,pctundsev2005,2005,Percent underburned to low burn severity class,MTBS
pctundsev,pctundsev2006,2006,Percent underburned to low burn severity class,MTBS
pctundsev,pctundsev2007,2007,Percent underburned to low burn severity class,MTBS
pctundsev,pctundsev2008,2008,Percent underburned to low burn severity class,MTBS
pctundsev,pctundsev2009,2009,Percent underburned to low burn severity class,MTBS
pctundsev,pctundsev2010,2010,Percent underburned to low burn severity class,MTBS
pctundsev,pctundsev2011,2011,Percent underburned to low burn severity class,MTBS
pctundsev,pctundsev2012,2012,Percent underburned to low burn severity class,MTBS
pctundsev,pctundsev2013,2013,Percent underburned to low burn severity class,MTBS
pctundsev,pctundsev2014,2014,Percent underburned to low burn severity class,MTBS
pctundsev,pctundsev2015,2015,Percent underburned to low burn severity class,MTBS
pctundsev,pctundsev2016,2016,Percent underburned to low burn severity class,MTBS
pctundsev,pctundsev2017,2017,Percent underburned to low burn severity class,MTBS
pctundsev,pctundsev2018,2018,Percent underburned to low burn severity class,MTBS
pcturbhi,pcturbhi2001,2001,Developed high intensity land use percentage,NLCD
pcturbhi,pcturbhi2004,2004,Developed high intensity land use percentage,NLCD
pcturbhi,pcturbhi2006,2006,Developed high intensity land use percentage,NLCD
pcturbhi,pcturbhi2008,2008,Developed high intensity land use percentage,NLCD
pcturbhi,pcturbhi2011,2011,Developed high intensity land use percentage,NLCD
pcturbhi,pcturbhi2013,2013,Developed high intensity land use percentage,NLCD
pcturbhi,pcturbhi2016,2016,Developed high intensity land use percentage,NLCD
pcturbhi,pcturbhi2019,2019,Developed high intensity land use percentage,NLCD
pcturblo,pcturblo2001,2001,Developed low intensity land use percentage,NLCD
pcturblo,pcturblo2004,2004,Developed low intensity land use percentage,NLCD
pcturblo,pcturblo2006,2006,Developed low intensity land use percentage,NLCD
pcturblo,pcturblo2008,2008,Developed low intensity land use percentage,NLCD
pcturblo,pcturblo2011,2011,Developed low intensity land use percentage,NLCD
pcturblo,pcturblo2013,2013,Developed low intensity land use percentage,NLCD
pcturblo,pcturblo2016,2016,Developed low intensity land use percentage,NLCD
pcturblo,pcturblo2019,2019,Developed low intensity land use percentage,NLCD
pcturbmd,pcturbmd2001,2001,Developed medium intensity land use percentage,NLCD
pcturbmd,pcturbmd2004,2004,Developed medium intensity land use percentage,NLCD
pcturbmd,pcturbmd2006,2006,Developed medium intensity land use percentage,NLCD
pcturbmd,pcturbmd2008,2008,Developed medium intensity land use percentage,NLCD
pcturbmd,pcturbmd2011,2011,Developed medium intensity land use percentage,NLCD
pcturbmd,pcturbmd2013,2013,Developed medium intensity land use percentage,NLCD
pcturbmd,pcturbmd2016,2016,Developed medium intensity land use percentage,NLCD
pcturbmd,pcturbmd2019,2019,Developed medium intensity land use percentage,NLCD
pcturbop,pcturbop2001,2001,Developed open space land use percentage,NLCD
pcturbop,pcturbop2004,2004,Developed open space land use percentage,NLCD
pcturbop,pcturbop2006,2006,Developed open space land use percentage,NLCD
pcturbop,pcturbop2008,2008,Developed open space land use percentage,NLCD
pcturbop,pcturbop2011,2011,Developed open space land use percentage,NLCD
pcturbop,pcturbop2013,2013,Developed open space land use percentage,NLCD
pcturbop,pcturbop2016,2016,Developed open space land use percentage,NLCD
pcturbop,pcturbop2019,2019,Developed open space land use percentage,NLCD
popden2010,popden2010,NA,Mean population density 2010 (people/sq km),US Census
rdcrs,rdcrs,NA,Road and stream intersection density (crossings/sq km),Carlisle et al. 2019
rdcrsslpwtd,rdcrsslpwtd,NA,Road and stream intersection x nhd slope (crossings*slope/sq km),Carlisle et al. 2019
rddens,rddens,NA,Mean road density (km/sq km),2010 Census Tiger Lines
superfunddens,superfunddens,NA,Superfund site density (sites/sq km),EPA FRS
tridens,tridens,NA,Toxic release inventory site density (sites/sq km),EPA FRS
wwtpalldens,wwtpalldens,NA,All wastewater treatment density (count/sq km),Pennino et al. 2020
wwtpmajordens,wwtpmajordens,NA,Major wastewater treatment density (count/sq km),Pennino et al. 2020
wwtpminordens,wwtpminordens,NA,Minor wastewater treatment density (count/sq km),Pennino et al. 2020
